id,first_name,last_name,email,gender,ip_address
1,Jarred,Neligan,jneligan0@time.com,Polygender,15.138.208.151
2,Eveline,Bowery,ebowery1@constantcontact.com,Bigender,20.56.163.172
3,Alvinia,Mogg,amogg2@chron.com,Female,209.34.128.127
4,Maisie,MacArthur,mmacarthur3@godaddy.com,Female,87.247.250.97
5,Lurlene,Simmgen,lsimmgen4@nps.gov,Agender,44.41.198.240
6,Tandi,Dron,tdron5@barnesandnoble.com,Female,16.201.57.52
7,Davidson,Creeghan,dcreeghan6@sohu.com,Agender,50.127.65.35
8,Randal,Widdison,rwiddison7@blogs.com,Female,72.16.0.189
9,King,Paler,kpaler8@prlog.org,Polygender,129.62.185.22
10,Eran,Lackham,elackham9@wikimedia.org,Non-binary,77.40.158.143
11,Giulio,Jerrans,gjerransa@ted.com,Bigender,84.175.61.250
12,Ainslee,Scarsbrick,ascarsbrickb@freewebs.com,Bigender,215.85.136.1
13,Malissa,Goodread,mgoodreadc@theatlantic.com,Non-binary,212.69.107.170
14,Phoebe,Stanett,pstanettd@hibu.com,Polygender,122.28.213.62
15,Ansell,Eliassen,aeliassene@fotki.com,Polygender,104.123.9.187
16,Jaquenette,Vasey,jvaseyf@skyrock.com,Male,80.183.165.13
17,Kerk,Calyton,kcalytong@indiatimes.com,Polygender,242.111.37.180
18,Rollie,Killwick,rkillwickh@sohu.com,Agender,60.68.137.0
19,Nikolia,MacMickan,nmacmickani@123-reg.co.uk,Female,225.22.152.61
20,Marge,Leidecker,mleideckerj@constantcontact.com,Male,247.86.230.31
21,Trev,Gaines,tgainesk@businesswire.com,Agender,171.216.222.246
22,Delia,Klimek,dklimekl@theatlantic.com,Genderfluid,126.193.121.73
23,Powell,O'Crotty,pocrottym@ustream.tv,Male,158.214.124.237
24,Adelle,McVie,amcvien@europa.eu,Bigender,72.145.139.106
25,Faulkner,Baus,fbauso@phoca.cz,Female,137.217.227.42
26,Jeanne,Farquar,jfarquarp@typepad.com,Male,216.22.135.158
27,Violetta,Tomley,vtomleyq@baidu.com,Agender,192.33.75.31
28,Reginauld,Denisyev,rdenisyevr@youku.com,Male,166.18.122.199
29,Delcine,Heaviside,dheavisides@wisc.edu,Female,71.235.134.200
30,Faythe,Beldum,fbeldumt@multiply.com,Polygender,119.79.195.30
31,Murial,Stowgill,mstowgillu@yellowpages.com,Genderqueer,72.123.57.243
32,Magda,Sibylla,msibyllav@wisc.edu,Male,81.55.243.247
33,Carmine,Hendrix,chendrixw@sitemeter.com,Non-binary,88.138.214.88
34,Joly,Loy,jloyx@usgs.gov,Genderqueer,100.64.162.59
35,Shanda,Huxstep,shuxstepy@ow.ly,Genderfluid,80.210.228.153
36,Hermina,Gerauld,hgerauldz@wikispaces.com,Polygender,25.115.17.114
37,Leigh,Reimers,lreimers10@tiny.cc,Bigender,143.148.107.240
38,Cherise,Guyot,cguyot11@feedburner.com,Agender,111.131.176.6
39,Maximilianus,Tuppeny,mtuppeny12@blogtalkradio.com,Genderqueer,24.226.54.195
40,Ame,Beveridge,abeveridge13@cnbc.com,Male,12.205.139.163
41,Noby,Oleksinski,noleksinski14@seattletimes.com,Non-binary,59.221.207.103
42,Bunni,Doiley,bdoiley15@typepad.com,Genderfluid,33.26.92.224
43,Angie,Kittiman,akittiman16@t.co,Genderqueer,140.63.171.143
44,Chris,Doerrling,cdoerrling17@mlb.com,Genderqueer,229.73.132.100
45,Archer,Stears,astears18@paginegialle.it,Genderqueer,213.31.25.65
46,Faina,Le Fevre,flefevre19@amazon.de,Female,50.189.172.254
47,Jens,Eagleston,jeagleston1a@people.com.cn,Agender,134.203.86.131
48,Kellsie,Evemy,kevemy1b@parallels.com,Genderqueer,213.178.12.79
49,Tiertza,Ginni,tginni1c@nbcnews.com,Non-binary,226.141.44.241
50,Gerri,Laidler,glaidler1d@e-recht24.de,Bigender,218.231.186.252
51,Mirabella,Scala,mscala1e@com.com,Polygender,126.148.110.117
52,Charla,Cowle,ccowle1f@cornell.edu,Bigender,233.166.252.166
53,Felicio,Kalaher,fkalaher1g@i2i.jp,Polygender,229.168.19.214
54,Barbee,Godspede,bgodspede1h@cnet.com,Genderfluid,245.172.38.222
55,Winfred,Mottinelli,wmottinelli1i@intel.com,Non-binary,141.220.75.141
56,Fletcher,Jouhan,fjouhan1j@businesswire.com,Agender,244.119.193.211
57,Phelia,Aynold,paynold1k@wp.com,Female,135.152.130.130
58,Tobey,Crampton,tcrampton1l@desdev.cn,Bigender,161.212.25.101
59,Dicky,Griffithe,dgriffithe1m@arstechnica.com,Polygender,30.36.213.131
60,Garv,Goligly,ggoligly1n@ftc.gov,Female,16.242.161.46
61,Derk,Slayford,dslayford1o@diigo.com,Female,86.96.201.199
62,Melantha,Bunten,mbunten1p@facebook.com,Female,226.248.56.242
63,Nicolais,Berthomier,nberthomier1q@godaddy.com,Male,2.224.18.208
64,Mirna,Letch,mletch1r@ehow.com,Bigender,175.198.224.62
65,Lazar,Reoch,lreoch1s@earthlink.net,Male,105.207.31.241
66,Adolphe,Corrigan,acorrigan1t@bloomberg.com,Polygender,159.155.116.19
67,Bronny,Plevin,bplevin1u@theglobeandmail.com,Non-binary,162.135.8.250
68,Richmound,Andrysiak,randrysiak1v@constantcontact.com,Male,71.168.180.102
69,Stella,Tallman,stallman1w@europa.eu,Genderfluid,38.21.181.90
70,Terry,Bodle,tbodle1x@gov.uk,Bigender,73.186.166.132
71,Berti,McGriele,bmcgriele1y@hc360.com,Agender,172.142.60.68
72,Belva,Mistry,bmistry1z@dedecms.com,Genderqueer,187.74.84.54
73,Lara,Windross,lwindross20@cargocollective.com,Non-binary,91.64.214.68
74,Constance,Lyddy,clyddy21@mlb.com,Polygender,76.180.105.230
75,Jazmin,Gentsch,jgentsch22@issuu.com,Polygender,29.60.165.182
76,Chevy,Krzyzaniak,ckrzyzaniak23@skype.com,Genderqueer,44.71.211.103
77,Terence,Gillingwater,tgillingwater24@illinois.edu,Polygender,11.39.255.154
78,Dougy,Durant,ddurant25@seattletimes.com,Male,209.221.5.197
79,Emelen,Gillio,egillio26@amazon.com,Female,33.154.216.52
80,Collie,Heskey,cheskey27@wix.com,Genderqueer,130.176.85.121
81,Suzann,Cullin,scullin28@fotki.com,Bigender,224.247.130.4
82,Bartolomeo,Arson,barson29@discovery.com,Agender,165.105.228.137
83,Shena,Headey,sheadey2a@unblog.fr,Genderqueer,40.61.20.247
84,Pooh,Barkus,pbarkus2b@gov.uk,Genderqueer,84.252.72.230
85,Hetty,Amthor,hamthor2c@ezinearticles.com,Male,236.136.245.107
86,Rhianon,Groven,rgroven2d@google.es,Non-binary,237.102.184.9
87,Mehetabel,Tabrett,mtabrett2e@deliciousdays.com,Polygender,126.207.21.99
88,Tracy,Sutty,tsutty2f@accuweather.com,Male,139.106.127.49
89,Annie,Sadry,asadry2g@who.int,Agender,170.155.112.111
90,Alfred,Flahive,aflahive2h@foxnews.com,Genderfluid,192.246.77.101
91,Preston,Curnokk,pcurnokk2i@who.int,Male,102.140.197.136
92,Sophey,Petchell,spetchell2j@newyorker.com,Genderfluid,82.222.48.150
93,Eldredge,Osboldstone,eosboldstone2k@examiner.com,Genderfluid,111.191.203.78
94,Pauline,Trebble,ptrebble2l@hexun.com,Genderfluid,197.120.37.75
95,Krishna,Warlaw,kwarlaw2m@cnbc.com,Genderfluid,63.38.87.233
96,Tobiah,Breazeall,tbreazeall2n@earthlink.net,Polygender,253.10.232.225
97,Maureene,Skrine,mskrine2o@vistaprint.com,Genderfluid,193.249.240.174
98,Brynne,Guerri,bguerri2p@hao123.com,Female,101.112.75.196
99,Alexandros,Gilhouley,agilhouley2q@washingtonpost.com,Genderqueer,87.24.254.186
100,Julee,Boolsen,jboolsen2r@nyu.edu,Non-binary,117.218.122.20
